{
    "pagina": "Zoho Desk - Chat WhatsApp Ativo",
    "url": "https://desk.zoho.com/agent/hubedesk/*/whatsapp/page#IM/-1/sessions/mine-all",
    "data_mapeamento": "2025-11-28",
    "tipo": "chat_ativo",
    "descricao": "Tela de chat WhatsApp com conversa ativa e mensagens em andamento",
    "navegacao": {
        "superior": {
            "logo": {
                "css": "image[alt*='logo']",
                "xpath": "//image[contains(@alt,'logo')]"
            },
            "whatsapp": {
                "css": "a[href*='whatsapp']",
                "xpath": "//a[contains(@href,'whatsapp')]"
            },
            "email": {
                "css": "a[href*='e-mail']",
                "xpath": "//a[contains(@href,'e-mail')]"
            },
            "clientes": {
                "css": "a[href*='contato']",
                "xpath": "//a[contains(@href,'contato')]"
            },
            "atividades": {
                "css": "a[href*='activities']",
                "xpath": "//a[contains(@href,'activities')]"
            },
            "analises": {
                "css": "a[href*='dashboards']",
                "xpath": "//a[contains(@href,'dashboards')]"
            },
            "base_conhecimento": {
                "css": "a[href*='knowledge-base']",
                "xpath": "//a[contains(@href,'knowledge-base')]"
            },
            "departamento": {
                "css": "button[aria-haspopup='menu']",
                "xpath": "//button[@aria-haspopup='menu']"
            },
            "novo_ticket": {
                "css": "a[href*='e-mail/new']",
                "xpath": "//a[contains(@href,'e-mail/new')]"
            },
            "quick_action": {
                "css": "button[aria-haspopup='menu']",
                "xpath": "//button[contains(@aria-haspopup,'menu')]"
            },
            "busca_global": {
                "css": "button#GlobalSearch",
                "xpath": "//button[@id='GlobalSearch']"
            },
            "notificacoes": {
                "css": "button#Notification",
                "xpath": "//button[@id='Notification']"
            },
            "gamification": {
                "css": "button[aria-label*='Gamification']",
                "xpath": "//button[contains(@aria-label,'Gamification')]"
            },
            "marketplace": {
                "css": "button[aria-label*='Marketplace']",
                "xpath": "//button[contains(@aria-label,'Marketplace')]"
            },
            "setup": {
                "css": "button[aria-label*='Setup']",
                "xpath": "//button[contains(@aria-label,'Setup')]"
            }
        },
        "lateral": {
            "painel": {
                "css": "menuitem",
                "xpath": "//menuitem[contains(text(),'Painel')]"
            },
            "todos_canais": {
                "css": "menuitem",
                "xpath": "//menuitem[contains(text(),'canais')]"
            },
            "minhas_conversas": {
                "css": "menuitem",
                "xpath": "//menuitem[contains(text(),'Minhas')]"
            },
            "nao_atribuidas": {
                "css": "menuitem",
                "xpath": "//menuitem[contains(text(),'Atribuída')]"
            },
            "bloqueado": {
                "css": "menuitem",
                "xpath": "//menuitem[contains(text(),'Bloqueado')]"
            },
            "encerrado": {
                "css": "menuitem",
                "xpath": "//menuitem[contains(text(),'Encerrado')]"
            },
            "todas_conversas": {
                "css": "menuitem",
                "xpath": "//menuitem[contains(text(),'Todas')]"
            },
            "conversas_bot": {
                "css": "menuitem",
                "xpath": "//menuitem[contains(text(),'Bot')]"
            }
        }
    },
    "filtros": {
        "dropdown_todos": {
            "css": "button:contains('Todos')",
            "xpath": "//button[contains(text(),'Todos')]"
        },
        "filtro_departamento": {
            "css": "button:contains('Filtrar')",
            "xpath": "//button[contains(text(),'Filtrar')]"
        },
        "busca_chat": {
            "css": "button[aria-label*='search']",
            "xpath": "//button[contains(@aria-label,'search')]"
        },
        "limpar_filtro": {
            "css": "button:contains('Limpar')",
            "xpath": "//button[contains(text(),'Limpar')]"
        }
    },
    "lista_conversas": {
        "conversa_por_id": {
            "css": "button#{}",
            "xpath": "//*[@id='{}']",
            "descricao": "Substituir {} pelo ID da conversa"
        },
        "conversa_por_nome": {
            "xpath": "//button[contains(text(),'{}')]",
            "descricao": "Substituir {} pelo nome do contato"
        }
    },
    "chat_header": {
        "titulo_contato": {
            "css": "heading",
            "xpath": "//heading"
        },
        "atribuido_para": {
            "css": "button:contains('Caroline')",
            "xpath": "//button[contains(text(),'Caroline')]"
        }
    },
    "chat_mensagens": {
        "data_separador": {
            "xpath": "//text()[contains(.,'/')][contains(.,'2025')]"
        },
        "mensagem_botao": {
            "css": "button",
            "xpath": "//button[contains(text(),'{}')]",
            "descricao": "Mensagens com botões de ação"
        },
        "hoje": {
            "xpath": "//text()[contains(.,'Hoje')]"
        },
        "reabertura": {
            "xpath": "//text()[contains(.,'Você reabriu')]"
        }
    },
    "acoes_chat": {
        "tab_resposta": {
            "css": "link:contains('RESPOSTA')",
            "xpath": "//link[contains(text(),'RESPOSTA')]"
        },
        "alerta_sessao": {
            "xpath": "//text()[contains(.,'não é possível')]"
        },
        "escolher_modelo": {
            "css": "button:contains('Escolher Modelo')",
            "xpath": "//button[contains(text(),'Modelo')]"
        },
        "encerrar_chat": {
            "css": "button:contains('Encerrar')",
            "xpath": "//button[contains(text(),'Encerrar')]"
        }
    },
    "painel_direito": {
        "contato_info": {
            "heading": {
                "css": "heading:contains('Contato Informações')",
                "xpath": "//heading[contains(text(),'Contato Informações')]"
            },
            "email": {
                "xpath": "//text()[contains(.,'@')]"
            },
            "proprietario": {
                "xpath": "//text()[contains(.,'Adriano') or contains(.,'Caroline')]"
            },
            "celular": {
                "xpath": "//text()[contains(.,'+55') or contains(.,'-')]"
            }
        }
    },
    "notas": {
        "uso": "Tela de chat ativo com mensagens em andamento",
        "importante": "Botão 'Escolher Modelo' abre modal de templates",
        "sessao_24h": "Alerta aparece quando janela de 24h expirou"
    }
}