﻿Status;Cliente;Worker
SUCESSO;Samuel Henrique Pavan;2
SUCESSO;Kelli Regina De Andrade Carrara;2
SUCESSO;Ana Paula Rodrigues Leal Dos Santos;2
SUCESSO;Uberlândia Cristina Smith Lima;2
SUCESSO;Robson Fernando Bodelon;2
SUCESSO;Rozeli Izac;2
SUCESSO;Kevin Patrick Alves De Santana;2
SUCESSO;Luiz Claudio Da Silva;2
SUCESSO;Ronaldo Aparecido De Castro;2
SUCESSO;Maria Braz Caldeira Dos Santos;2
SUCESSO;Vera Aparecida Gonçalves;2
SUCESSO;Karen Carol Andressa Mesquita;2
SUCESSO;Katielly Freitas Souza;2
SUCESSO;Mariana Piperno;2
SUCESSO;Henrique Galhardo Gomes;2
SUCESSO;Andrea Luciana Ferraz Correa;2
SUCESSO;Sueli Izac;2
SUCESSO;Sandra Maria Da Silva;2
SUCESSO;Juscélio Rocha Dias;2
SUCESSO;Jose Neuzo Francisco;2
SUCESSO;Grazielle Cristine Gois Alves;2
SUCESSO;Maria Cristina Pinto;2
SUCESSO;Be Blue Idiomas Ltda;2
SUCESSO;Alessandro Silva Romero;2
SUCESSO;Maria Luzia Borges;2
SUCESSO;Aparecida Nogueira De Matos Da Silva;2
SUCESSO;Natanael Bernardo Dos Santos;2
SUCESSO;Jonathan Jose Rodriguez Diaz;2
SUCESSO;Daniel Lucas Pereira Montanari;2
SUCESSO;Carlos Roberto Marturano;2
SUCESSO;Marcia Ribeiro Dos Santos;2
SUCESSO;Marcos Paulo Alves Dos Santos;2
SUCESSO;Maura Bernardes De Farias;2
SUCESSO;Donaldo Valarine;2
SUCESSO;Ana Paula Francisco Dos Santos;2
SUCESSO;Edvaldo Raspante;2
SUCESSO;Juliana Cavalcante Arco Verde;2
SUCESSO;Huang Chunying;2
SUCESSO;Abdias Pereira De Almeida;2
SUCESSO;Claudia Aparecida Alves;2
SUCESSO;Pedro Luis Morgante;2
SUCESSO;Ariovaldo Benites;2
SUCESSO;Joao Francisco Perez;2
SUCESSO;Suzana Fogaça Da Silva;2
SUCESSO;Cláudio Theodoro De Morais Junior;2
NAO_ENCONTRADO;10792333;2
NAO_ENCONTRADO;Centro Automotivo Das Magnólias Ltda;2
NAO_ENCONTRADO;10048693;2
NAO_ENCONTRADO;Patrícia Carvalho De Sousa;2
NAO_ENCONTRADO;10377000;2
SUCESSO;Joilson Novaes Souza;1
SUCESSO;Adao Soares De Macedo;1
SUCESSO;Guilherme Viana Correa;1
SUCESSO;Elisabeth Aparecida Sousa;1
SUCESSO;Andreia Karina Lopes Sampaio;1
SUCESSO;Daniel Jesus Barroso;1
SUCESSO;Nivaldo Francisco Dos Santos;1
SUCESSO;Antônio Condi Filho;1
SUCESSO;Luiz Osvaldo Moreira;1
SUCESSO;Jose Adalberto Tonhao;1
SUCESSO;Janaína Aparecida De Oliveira;1
SUCESSO;Ademilson Nunes De Oliveira;1
SUCESSO;Gustavo Augusto Degasperi;1
SUCESSO;Gustavo Henrique Vilares Correia;1
SUCESSO;Anderlany Blanco;1
SUCESSO;Ana Ramos Poli;1
SUCESSO;Condominio Vitta Jardins;1
SUCESSO;João Ávila De Queiroz Neto;1
SUCESSO;Marcelo Cristiano Valerio;1
SUCESSO;Maria Das Gracas Rodrigues Da Silva;1
SUCESSO;Flavio Lopes Batista;1
SUCESSO;Matheus Stockmann;1
SUCESSO;Maria Jose Silvestre Da Silva;1
SUCESSO;Mislaine Aparecida Costa;1
SUCESSO;Jose Carlos Izac;1
SUCESSO;Alexandra Regina Roncato;1
SUCESSO;Larissa Barbara Feitosa;1
SUCESSO;Helio Pereira Rodrigues;1
SUCESSO;Henrique Barbosa Da Silva Comitre;1
SUCESSO;Maria Isabel Teixeira;1
SUCESSO;Roberto Camilo;1
SUCESSO;Vilma Milani Gomes De Oliveira;1
SUCESSO;Robson Amorin Da Costa;1
SUCESSO;João Bosco Vasconcelos Macedo;1
SUCESSO;Henrique Donizete Condi;1
SUCESSO;Zoraide Rosa Ducatti Da Silva;1
SUCESSO;Associacao Beneficente Mao Amiga De Sao Pedro;1
SUCESSO;Nilcenei Aprecida Constante Franchini;1
SUCESSO;Wagner Requel Soares;1
SUCESSO;Maria Carmelita Silva De Oliveira;1
SUCESSO;Dalva Rodrigues;1
SUCESSO;Edificio Residencial Vitoria Hill;1
SUCESSO;Marcela Olivato Calil Eirelli;1
SUCESSO;Rheys Comércio Instalações Industriais Ltda;1
SUCESSO;David Erik Salles;1
SUCESSO;R F A. Comércio Varejista De Alimentos E Bebidas Ltda;1
SUCESSO;Leonardo Da Silva Santos;1
SUCESSO;Tainá Volke Dos Santos;1
SUCESSO;Vera Lucia Bispo Dos Santos;1
SUCESSO;Nado Livre Natacao Sc Ltda;1
