﻿Status;Cliente
SUCESSO;Joilson Novaes Souza
SUCESSO;Adao Soares De Macedo
SUCESSO;Guilherme Viana Correa
SUCESSO;Elisabeth Aparecida Sousa
SUCESSO;Andreia Karina Lopes Sampaio
SUCESSO;Daniel Jesus Barroso
SUCESSO;Nivaldo Francisco Dos Santos
SUCESSO;Antônio Condi Filho
SUCESSO;Luiz Osvaldo Moreira
SUCESSO;Jose Adalberto Tonhao
SUCESSO;Ademilson Nunes De Oliveira
SUCESSO;Gustavo Augusto Degasperi
SUCESSO;Gustavo Henrique Vilares Correia
SUCESSO;Anderlany Blanco
SUCESSO;Ana Ramos Poli
SUCESSO;Condominio Vitta Jardins
SUCESSO;João Ávila De Queiroz Neto
SUCESSO;Marcelo Cristiano Valerio
SUCESSO;Maria Das Gracas Rodrigues Da Silva
SUCESSO;Flavio Lopes Batista
SUCESSO;Matheus Stockmann
SUCESSO;Maria Jose Silvestre Da Silva
SUCESSO;Mislaine Aparecida Costa
SUCESSO;Jose Carlos Izac
SUCESSO;Alexandra Regina Roncato
SUCESSO;Larissa Barbara Feitosa
SUCESSO;Helio Pereira Rodrigues
SUCESSO;Henrique Barbosa Da Silva Comitre
SUCESSO;Maria Isabel Teixeira
SUCESSO;Roberto Camilo
SUCESSO;Vilma Milani Gomes De Oliveira
SUCESSO;Robson Amorin Da Costa
SUCESSO;João Bosco Vasconcelos Macedo
SUCESSO;Henrique Donizete Condi
SUCESSO;Zoraide Rosa Ducatti Da Silva
SUCESSO;Associacao Beneficente Mao Amiga De Sao Pedro
SUCESSO;Nilcenei Aprecida Constante Franchini
SUCESSO;Wagner Requel Soares
SUCESSO;Maria Carmelita Silva De Oliveira
SUCESSO;Dalva Rodrigues
SUCESSO;Edificio Residencial Vitoria Hill
SUCESSO;Marcela Olivato Calil Eirelli
SUCESSO;Rheys Comércio Instalações Industriais Ltda
SUCESSO;David Erik Salles
SUCESSO;R F A. Comércio Varejista De Alimentos E Bebidas Ltda
SUCESSO;Leonardo Da Silva Santos
SUCESSO;Tainá Volke Dos Santos
SUCESSO;Vera Lucia Bispo Dos Santos
SUCESSO;Nado Livre Natacao Sc Ltda
SUCESSO;Samuel Henrique Pavan
SUCESSO;Kelli Regina De Andrade Carrara
SUCESSO;Ana Paula Rodrigues Leal Dos Santos
SUCESSO;Uberlândia Cristina Smith Lima
SUCESSO;Robson Fernando Bodelon
SUCESSO;Rozeli Izac
SUCESSO;Kevin Patrick Alves De Santana
SUCESSO;Luiz Claudio Da Silva
SUCESSO;Ronaldo Aparecido De Castro
SUCESSO;Maria Braz Caldeira Dos Santos
SUCESSO;Vera Aparecida Gonçalves
SUCESSO;Karen Carol Andressa Mesquita
SUCESSO;Katielly Freitas Souza
SUCESSO;Mariana Piperno
SUCESSO;Henrique Galhardo Gomes
SUCESSO;Andrea Luciana Ferraz Correa
SUCESSO;Sueli Izac
SUCESSO;Sandra Maria Da Silva
SUCESSO;Juscélio Rocha Dias
SUCESSO;Jose Neuzo Francisco
SUCESSO;Grazielle Cristine Gois Alves
SUCESSO;Maria Cristina Pinto
SUCESSO;Be Blue Idiomas Ltda
NAO_ENCONTRADO;Janaína Aparecida De Oliveira
NAO_ENCONTRADO;10792333
NAO_ENCONTRADO;Centro Automotivo Das Magnólias Ltda
NAO_ENCONTRADO;10048693
