﻿Status;Cliente;Worker
SUCESSO;Kevin De Freitas;4
SUCESSO;Maria Terezinha De Jesus Neves;4
SUCESSO;Cintia Tedesco Marques;4
SUCESSO;Emanuelle De Oliveira Carlos;4
SUCESSO;Tereza Rodrigues Sampaio;4
SUCESSO;Everton Siqueira Bueno;4
SUCESSO;Neusa Silva Bombo;4
SUCESSO;Rodrigo  Baston Ferreira;4
SUCESSO;Carlos Roberto Pissamiglio;4
SUCESSO;Marta De Oliveira;4
SUCESSO;Eliseu De Oliveira Souza;4
SUCESSO;Cleusa Procopio Soares Bachini;4
SUCESSO;Carmen Rosario Ferreira Do Prado;4
SUCESSO;Amanda Costa;4
SUCESSO;Sandra Suveges Ribeiro;4
SUCESSO;Leonardo Silveira;4
SUCESSO;Rita Brigadeiros Ltda Me;4
SUCESSO;Isnaldo José Da Rocha;4
SUCESSO;Carlos Eduardo Caetano;4
SUCESSO;Luzimara Fayan;4
SUCESSO;Osmair Bueno De Oliveira;4
SUCESSO;Rosimara Aparecida Baldino Rodrigues;4
SUCESSO;Carnelos & Ribeiro Gelateria Ltda;4
SUCESSO;Rodneia De Fatima Barboza;4
SUCESSO;Natália Casagrande Guizardi;4
SUCESSO;Lucia Vallt Da Silva Camargo;4
SUCESSO;Rogelio Jose Nunez;4
SUCESSO;Benigno Rodrigues Moronta Filho;4
SUCESSO;Milton De Jesus Assunção Caniles;4
SUCESSO;Sorvetes Paviotti Ltda;4
NAO_ENCONTRADO;10595848;4
ERRO;Jeovany Ribeiro De Moraes;4
SUCESSO;Hamilton Luiz Lima Junior;2
SUCESSO;Maria Luzia Siquieri Okubo Vaca;2
SUCESSO;Luiz Osvaldo Moreira;2
SUCESSO;Nelson Moraes;2
SUCESSO;Madalena Martins Benatti;2
SUCESSO;Fabio Luis Signoretti;2
SUCESSO;Lais Souza Silva;2
SUCESSO;Lucimara Xavier De Andrade Forggia;2
SUCESSO;Karyn Cassia Sousa Da Silva;2
SUCESSO;Poliana Fernandes De Sá;2
SUCESSO;Cristiano Martins De Mendonça;2
SUCESSO;Benedito João De Campos;2
SUCESSO;Juliano Silva Duarte;2
SUCESSO;Jefferson Roberto Da Silva;2
SUCESSO;Orides Previdelli Junior;2
SUCESSO;Luiz Fernando Pedro;2
SUCESSO;Mário Sérgio Do Amaral Pereira;2
SUCESSO;Maria Tereza Coelho De Souza;2
SUCESSO;Joao Pereira De Carvalho;2
SUCESSO;Marcelo Silva De Melo;2
SUCESSO;Gleiciane Pimentel Fernandes Costa;2
SUCESSO;Wemerson Manoel Cda Silva;2
SUCESSO;Rest E Pizzaria Cantinho Trop Aguas Sao Pedro Ltda;2
SUCESSO;Antonio Luis Paro;2
SUCESSO;Sr Stallage Hotel Ltda;2
SUCESSO;José Donisete Da Silva;2
SUCESSO;Diego Renan Caldeira;2
NAO_ENCONTRADO;10588574;2
ERRO;Condominio Vitta Jardins;2
ERRO;Osvaldo José Da Silva;2
