﻿Status;Cliente
SUCESSO;Richard Leandro Leite
SUCESSO;Aparecido De Souza
SUCESSO;Jonatas Felipe Barreiro Fidelis
SUCESSO;Fabiano Olini Teixeira
SUCESSO;Silvio Antonio Bueno
SUCESSO;Maria Terezinha De Jesus Neves
SUCESSO;Marcia Machuca Da Silva
SUCESSO;Angelica Savenhago Pereira
SUCESSO;Odair Souza Dos Santos
SUCESSO;Antonio Luis Estanislau
SUCESSO;Janete Aparecida De Jesus
SUCESSO;Débora Patrícia Dos Reis Mello
SUCESSO;Anor Costa Alves
SUCESSO;Excelentissimo Cafe
SUCESSO;Elza Barbosa Do Rosario
SUCESSO;Caroline Martins De Oliveira
SUCESSO;Geni De Souza De Andrade
SUCESSO;Aparecido Da Silva
SUCESSO;Angelo Capellari
SUCESSO;Otávio Marchesi  D 'Orsi Ravagnani
